"Gene_Symbol","logFC","AveExpr","t","P.Value","adj.P.Val","B"
"FUCA2",-2.59925857135818,1.13718093064238,-5.47799974997851,0.000737617202102629,0.0405827497155983,-0.0212168229487144
"ALS2",-2.29124617882166,5.86892795985195,-5.88651262037003,0.000471498067321543,0.0366365963776077,0.288956934262121
"ACSM3",-3.95915410924643,3.88723956402516,-8.64938160623723,3.69734366020185e-05,0.0131956249262257,2.88881065696888
"MPO",-5.20019817224426,10.0253984720537,-7.55728383326607,9.25635927594248e-05,0.0185422749239215,1.99185011923879
"PROM1",6.59815863180665,5.19184840049922,5.77527581232107,0.000531472658600971,0.0374737582540394,0.312848830384567
"MGST1",-5.41158129369629,4.22198188043994,-8.07649115567484,5.90842758931176e-05,0.0143402463471742,2.43350048073713
"STAB1",-5.04361017736989,4.38774955686935,-5.34848101085978,0.000853948064323573,0.0425781016483687,-0.277083703746118
"GRN",-2.86370461966369,6.62590308462368,-4.997517587079,0.00128461764245023,0.0498720929396281,-0.752834054335607
"CYP46A1",5.88899111012222,0.708190048567024,7.90498147711815,6.83481877506871e-05,0.0156225526226093,1.84088330922386
"AIFM2",2.2872577060213,2.58589224659789,5.16892089949319,0.00105011832563059,0.0466351041892185,-0.37105144603569
"OFD1",1.64540342281936,6.42797278072663,5.1629275533902,0.00105747230105782,0.0466351041892185,-0.553422579214634
"GPM6B",5.34939934866905,3.4650280140331,5.91504544657088,0.000457351224759164,0.0365459932774616,0.461217095651663
"HDAC9",1.69038034881432,7.39331325318283,5.835674270694,0.000497922759381531,0.0371157121209447,0.21941706331689
"PTGER3",-4.80926558171986,1.5920565852098,-7.34390255011372,0.000112119345911765,0.0193291852023986,1.81074549147351
"HOMER3",-4.00755767595468,1.60035851306356,-9.01698283583768,2.77408014657472e-05,0.0129553486500286,3.11953607530833
"LAMA3",3.88574064079947,1.62386039869113,6.53895556829607,0.000240755561011852,0.0270590628600227,1.01133272144816
"DGKG",-4.22464210778655,5.98078521757121,-7.95192763060775,6.56602576038763e-05,0.0151787115958597,2.32158514016364
"TBXAS1",-1.89062020989356,7.20337584538518,-5.38070090941984,0.000823224800510121,0.0416588609870084,-0.294471881401839
"MXD1",-1.98346882570013,7.43839296737646,-5.39425450020191,0.000810667283715672,0.0415804809401121,-0.272330260225582
"CTSA",-2.5632182733397,6.00090187743316,-7.60259048762764,8.89213357084111e-05,0.0182873102079993,2.00621388323091
"SNCAIP",-5.17567440419174,-2.03068784985942,-5.27089897080707,0.000933252075815962,0.0443813477950727,-0.245471947603668
"MYLK",6.88541303488027,1.96831546008835,7.31741112220605,0.000114854289891246,0.0196342925988034,1.59399014034074
"SLC9A7",2.2564648291565,6.60206819993404,6.8275514160077,0.000181630691430665,0.0233498969664172,1.27427802229402
"DDX3Y",-6.16930640207676,4.64231171949149,-5.98538460646043,0.000424445644926899,0.035857678326775,0.461896315251837
"MAST4",-2.3425919115573,4.40682570216478,-5.10835822326191,0.00112710333714009,0.0470890870530544,-0.582179978303696
"CLTCL1",-3.62739404686545,4.30787649848083,-6.64956990982182,0.000215874072699184,0.0253845448608064,1.13675748264158
"FSTL3",-2.35197347298529,2.90803544094385,-5.03257360774242,0.00123232478892706,0.0489007120102432,-0.594907984515541
"FCGR2B",-2.86227497497049,1.66416821251114,-6.27151271510419,0.000315207926322711,0.0312793894886971,0.80446001005186
"FRY",-4.12463927810297,7.45843910835131,-9.79427901707875,1.55945907963414e-05,0.0129553486500286,3.72351905002154
"NOTCH3",-2.79968497221844,-0.476095041813853,-5.07566738090326,0.00117122731238362,0.047843930152249,-0.437356788594757
"RASAL2",-2.60596908767608,4.39049203282498,-5.75423514014208,0.000543742612391759,0.0376236597411073,0.175464089433277
"FNDC3B",-3.92009087978486,9.41662942680144,-7.08063482818905,0.000142899865910481,0.0219221698270189,1.55844137519076
"FMO4",-2.24263116332173,0.996687492678877,-5.2159728987307,0.000994304822456114,0.0455566283856413,-0.31405882984712
"ITM2A",-2.96458004679015,3.3891357901245,-7.36816579102379,0.000109678163229644,0.0192428002758454,1.82489722292139
"SLC1A3",-2.02971796182933,2.51726405837876,-5.62385366084709,0.000627142506210391,0.0393952904948245,0.107555130699393
"CXCL2",-5.18045995942402,0.0411832747842951,-8.06679717050605,5.95686652451979e-05,0.0143402463471742,2.35608996522825
"MEF2C",3.4692785802744,7.17986511931502,5.87597771185574,0.000476843498362712,0.0366365963776077,0.310922388177583
"SMARCD3",-3.43319782888689,1.9722222700123,-6.01242853201845,0.000412500643826932,0.0354785644397825,0.522997268052473
"HAL",-4.01564968864023,3.75195209565333,-7.49742514204329,9.7634170674723e-05,0.0188415999598101,1.94008329354064
"FAT2",-2.58457250040243,1.5381840080202,-5.54882971377632,0.000681491027445282,0.0396691217150234,0.0428177122093123
"MMP2",-6.18184879324019,0.79848520553221,-6.50002420020354,0.000250259869125322,0.0277576326554272,1.03743430752813
"RFX2",-1.77788483412049,5.36714286005022,-5.57029750547415,0.00066542539708813,0.0395811369969703,-0.0738080855669283
"EFNB1",3.5478544752809,2.60523771510816,5.11151026064245,0.00112294666690793,0.0470890870530544,-0.401572649633373
"CD200",3.71679276706628,2.12897069251536,5.3994289044441,0.000805929088061101,0.0415804809401121,-0.074692586807017
"SLC7A8",-3.55913727645298,0.884399269732575,-6.00555476884476,0.000415500939370911,0.0355148555026153,0.549990186584406
"TBL1Y",-5.69326206104238,0.445870508909375,-9.69728087686368,1.67198621904876e-05,0.0129553486500286,3.25382992013887
"BLNK",5.38708768396782,6.17282172449691,9.48816696036546,1.94701798401576e-05,0.0129553486500286,3.48934216746514
"TLL2",4.43193265472231,1.77099708692155,5.67376773738336,0.000593647740154172,0.0387498296568166,0.21398739202123
"TPSD1",-7.43598988408476,-2.68767926772322,-5.87678481203629,0.000476431605953004,0.0366365963776077,-0.299937503915459
"HSD3B7",-3.03734977518547,-0.807760853083517,-5.50603799903229,0.000714810281860014,0.0402558339542333,0.0258823629286162
"CSF2RB",-2.86074176634975,6.3526600507266,-5.33446161189918,0.000867709772593734,0.0427404840287514,-0.343372580610879
"SIX4",-6.15144796317828,-1.64733639480988,-5.30160981985374,0.000900926796128795,0.0437411785528594,-0.181786040589336
"JAG1",-4.37524054329823,4.03490515448005,-7.0694524951051,0.000144402042806889,0.0219221698270189,1.54778630875415
"CST3",-4.50017311595723,3.21744261452949,-6.99179733710132,0.000155333368151741,0.0225287251035969,1.48545198122638
"SMARCA1",-4.52269327894288,0.4092835004465,-6.98345462591054,0.000156561679094268,0.0225287251035969,1.46499470600905
"GABRE",-7.78889865308253,-1.97317413094689,-7.16749608052508,0.000131807955674026,0.0218771910277868,1.60990498074154
"BEX4",-1.8082806955285,3.67991240249858,-5.05221448316934,0.00120405381019827,0.0483470600493035,-0.607783721948694
"NDFIP2",-4.21214432718745,2.85740418034523,-5.57571185719253,0.000661439984901898,0.0394594534101446,0.0323589611213269
"ZNF423",8.29759481337982,2.4613910813904,10.2006336569876,1.17216774539045e-05,0.0129553486500286,3.3291006592258
"DMXL2",-2.89174532572509,6.74709840097099,-7.41036485993282,0.000105572620680657,0.019175569843809,1.83347116767427
"NIPAL2",-2.72606238811403,3.76419858907493,-5.66828921084574,0.00059722552121082,0.0387498296568166,0.105501975444341
"ASAH1",-1.83309210273434,6.71345960560908,-5.48426192557646,0.00073245448702085,0.0405827497155983,-0.178144703104802
"TNNT1",-4.05426509543778,-1.70626437618942,-6.08048603001393,0.000384058243389975,0.0347689475636018,0.437295607652898
"GPI",-2.38169173595726,8.20458219995661,-6.01377422048895,0.000411916089962287,0.0354785644397825,0.450045518193209
"ITGB8",-4.96251880212889,1.40691515110078,-10.2539608843098,1.12990544499161e-05,0.0129553486500286,3.88746090826018
"CAV2",-6.24542828247331,-1.155993281827,-7.13648500095826,0.000135653682721342,0.0219221698270189,1.18020119504297
"CAV1",-5.07613499582532,-2.09916323007788,-6.27520000573562,0.000314021519004318,0.0312793894886971,0.385084409965073
"GRB10",-2.47724788575555,6.71322899626684,-5.95870202766461,0.000436608395799235,0.0365147026359933,0.371469087229037
"CCL24",-5.79550243748877,-2.12708655367426,-5.61567970055967,0.000632824428261575,0.0393952904948245,0.0979051048328348
"TMEM176B",-3.23758631403819,1.06480912100105,-5.29689353887692,0.0009058096782635,0.043745635051681,-0.225040811175512
"ENG",2.6565509058865,4.57984113907323,5.22924963926223,0.000979153506935137,0.0451887570471774,-0.353300196153828
"DNTT",11.4145731011857,2.7442718307094,11.829722643491,4.09524658939518e-06,0.0129553486500286,3.84900724149905
"ERLIN1",-1.96301438965411,7.03616769305629,-5.50211904220675,0.000717950652024627,0.0402558339542333,-0.151947682730317
"KAZALD1",5.18283538334737,-1.17655679332096,5.05896441985205,0.00119450344770393,0.0481183834388933,-0.632224800971989
"RASD1",3.67706878537103,2.06710545219102,5.05110988779037,0.00120562467088536,0.0483470600493035,-0.453684105579615
"PMP22",-3.57049114626385,1.23985936489041,-5.91517194751448,0.000457289562109795,0.0365459932774616,0.450689780336089
"CTSC",-1.81034175684466,6.62643961042991,-6.03124806346749,0.000404408529010027,0.0354785644397825,0.442192832813144
"POU2AF1",3.52679610949991,5.93605347256654,5.34531797693874,0.000857031775795483,0.0426273775428056,-0.299370719272017
"BCL7A",3.67050074022031,6.35488975049158,5.50785147415229,0.000713362236186391,0.0402558339542333,-0.0987815842004904
"LIN7A",-4.4903614800388,3.04443232144962,-8.24859814840855,5.11788251333089e-05,0.0136166303248262,2.57056389196258
"SLC26A8",-2.88110894668085,3.06154246918392,-6.58717453034309,0.000229536595530786,0.0263811466829536,1.0972474018016
"PHACTR2",-2.55755112424551,6.64914967337444,-7.85025479692636,7.16383106954175e-05,0.0160354943470042,2.22487750576071
"TENT5A",-3.82988569069567,6.33493989651465,-9.07205826774662,2.65948712745543e-05,0.0129553486500286,3.21255472370376
"CISH",-2.19252166834561,2.8181392168079,-5.32068091898261,0.000881476164866472,0.0430020854241694,-0.24970245037504
"MAPKAPK3",-1.64762355113693,6.63685905008055,-5.0136125946872,0.00126031169464641,0.0494952139077064,-0.749780763448399
"TANC1",-1.92474384180742,3.05241159484315,-5.48649480267875,0.000730623311670717,0.0405827497155983,-0.0806893334138765
"IL18R1",-3.36821089520925,4.00377325845086,-6.45668891657244,0.000261333633694248,0.0285823124206564,0.94162102659155
"MSH6",4.00887866581928,6.13143786836145,5.0848718621116,0.00115861433085458,0.0476155380456055,-0.593296856447137
"DHCR24",-4.48279445440305,2.05520097617811,-5.91210611894817,0.00045878659465789,0.0365459932774616,0.423448192575577
"NID1",-2.53862331380309,2.01885062163404,-5.50203065304426,0.000718021656432117,0.0402558339542333,-0.0323603337840703
"MTARC2",-5.36226042811009,0.0194100536392089,-9.12556230529003,2.55323033389318e-05,0.0129553486500286,2.91839577511853
"TRPM6",-3.23385191817194,2.82520374855062,-6.1184776776939,0.000369132676912512,0.0341757792100167,0.619694263462152
"DENND10",-2.306247940775,4.90158744680308,-5.38366330291829,0.000820461878201369,0.0416588609870084,-0.267330169175096
"CYSTM1",-2.18744560104709,4.71923520015384,-4.9939143580164,0.00129012944642368,0.0499906730068512,-0.728488058491189
"PLXDC2",-3.92737118573564,6.63503046949169,-8.11587286393718,5.71613147631973e-05,0.0143402463471742,2.45783451206513
"CLU",-4.76398012130663,3.45730456699399,-8.73735158332441,3.44849765295827e-05,0.0129912569915056,2.95294923993692
"TSHZ3",-3.51268463554302,2.65262833178958,-8.3512923433843,4.70301582693626e-05,0.0136166303248262,2.65158110640052
"CD244",-2.83359401816714,4.10300649557843,-8.29386701977177,4.9301500152049e-05,0.0136166303248262,2.60917117236707
"ARL4A",-1.6548508908667,3.70054805864107,-5.40929324563881,0.000796980844131562,0.0413596462045111,-0.202681371500703
"KIAA1549",-4.20746277877391,2.05768095901923,-7.55233857416608,9.29711469419452e-05,0.0185422749239215,1.99279460293347
"SRGN",-3.3160014944144,8.83581704846344,-6.52781704108106,0.000243433109486366,0.0272096689356107,1.00623451578101
"SLC36A1",-2.86883553462789,4.6712686866387,-5.11807688863481,0.00111434121930106,0.0470890870530544,-0.578473034983459
"RAB38",-2.29499077305994,1.44747448033746,-5.44821874927101,0.000762726363921434,0.0405827497155983,-0.0579034355403545
"OBSL1",-5.19469007371466,0.0830797048464774,-8.90742715198669,3.01889244031376e-05,0.0129553486500286,2.8213356836126
"CDH26",-2.67818613008222,2.12192376792291,-6.96795350838716,0.000158872817647642,0.022601047058783,1.47443932427491
"ATXN1",-3.16198652336359,7.77265232155387,-6.61380485200327,0.000223590995405889,0.0259914949688114,1.0837327621586
"SH3TC1",2.07953865105562,5.32835338993042,6.07500914651164,0.000386264668405545,0.0347689475636018,0.546263900719869
"AHDC1",2.79348549573005,5.43453617365328,5.45259229090729,0.000758980438769969,0.0405827497155983,-0.159681645344362
"CFP",-3.42291596351118,1.84353174005245,-5.41928803966506,0.000788026076293516,0.0411112094912638,-0.107827616565142
"VPREB3",4.51936357150445,3.21758935484267,5.25634292226564,0.000949018644784773,0.0443813477950727,-0.303389910282466
"CGNL1",4.87479730515578,0.128719586876049,5.26241292979455,0.000942408395704406,0.0443813477950727,-0.29086271280263
"FGF13",-5.05891012671672,4.85894002215115,-5.70568251482697,0.00057327169291112,0.038141217141841,0.134014177722015
"CDKN1C",-2.63141978611065,-0.375024563201828,-5.38173572934074,0.000822258493447328,0.0416588609870084,-0.0926051802363625
"PUDP",2.03880359669695,6.08467558989247,5.16040863197635,0.00106058000235209,0.0466351041892185,-0.542244514206943
"SH3BP4",-3.78644260393876,1.40189213989522,-5.80150167391835,0.00051660648401069,0.0374737582540394,0.311325409028892
"PLVAP",3.81144373869078,1.40715245936057,6.49680426320751,0.000251064464857622,0.0277576326554272,0.986495728601714
"KLHDC7B",-4.60540874858051,-0.299711878988448,-5.55464251629129,0.000677099009975733,0.0396302972281757,0.0705538672333059
"LGALS3",-2.46482739825357,4.08921218963318,-5.23820827308973,0.000969073919238204,0.0450152230418551,-0.415884120637255
"SLC41A1",2.22191138625296,4.41663179152618,5.40339038827181,0.000802322237597348,0.0415308938408215,-0.193880350456467
"RXFP2",-5.1236342193734,1.56536078607377,-12.0971955058527,3.48965534763217e-06,0.0129553486500286,4.87639914250753
"KL",-5.39195907637883,-0.392434342492849,-9.50996740546747,1.91609256415887e-05,0.0129553486500286,3.03248057497277
"LGALS12",-5.23193667061882,2.9176332022043,-11.5307628621445,4.91666228781169e-06,0.0129553486500286,4.68593348168513
"MYO18B",6.6916403617836,2.79791627231115,6.01876079309793,0.000409757974688085,0.0354785644397825,0.561848942543943
"TEX15",-6.26513047204828,-0.767186590428234,-7.74403417684197,7.85427156005234e-05,0.0166436923277234,1.581526204518
"PTGFRN",-3.82776957103282,-0.168539566700448,-5.4592298532368,0.000753334172569261,0.0405827497155983,-0.0128239186212395
"SPIRE1",-3.31859126753044,3.47173172824011,-6.89627427124703,0.000170066695706307,0.0230334114383629,1.38779999402302
"MYCN",-5.67071629315349,-1.99361350146121,-6.94162904247673,0.0001628853952443,0.0229159328565347,0.912513550636247
"ANKRD16",2.24877331742178,3.52605725448303,5.02228064280232,0.00124743159455548,0.0491792653644227,-0.566857113866889
"HRH4",-5.11673706194947,1.78310718521523,-9.38917260082977,2.09468960171097e-05,0.0129553486500286,3.36552845867895
"CABLES1",-2.88736155960694,3.49234019142837,-5.71684292302845,0.000566330086452033,0.038141217141841,0.139863998298085
"DSC2",-5.76244540727885,2.48677186681505,-9.34708906508971,2.16124600979055e-05,0.0129553486500286,3.3675534175879
"CLDN10",-3.91331798037162,-0.0423098612398581,-6.71165237632934,0.000203173295848043,0.0246021092704568,1.20733934800166
"TES",-1.67715649506595,5.16612561577932,-5.72476446780897,0.000561459504347971,0.038141217141841,0.109936620312621
"EPHA7",10.1171747105285,-0.315707439858315,6.81920803424012,0.000183093357304993,0.0233498969664172,0.774252107904449
"CD63",-2.44559686443424,6.65497879832678,-6.76662772768785,0.000192618947229286,0.0241879459474406,1.21455311554866
"FLNB",2.29456673403223,7.33392195468665,5.61140078755244,0.000635821507699897,0.0393952904948245,-0.0197483803303333
"NEK3",-2.0681841480689,2.95203304728074,-5.56279471486439,0.000670992057307011,0.0396302972281757,0.00115311882268987
"TNS3",1.75576907128293,6.98100099442236,5.09936098137037,0.00113906174951862,0.0470890870530544,-0.639638856895078
"AOAH",-2.50263828842877,7.47698991955932,-6.21883619639981,0.000332712546813383,0.0323845518651897,0.660249016408065
"FPGS",1.83197706337981,5.87494428763211,5.37596718139904,0.000827661140897007,0.0417794307426,-0.288988577629906
"TTLL7",-5.30176685330779,1.60081980136684,-8.94812243499988,2.9252299663519e-05,0.0129553486500286,3.05754676421872
"CDK15",-5.15196292303107,1.06202349915511,-5.13002805563438,0.00109886525019332,0.0470890870530544,-0.382028082569428
"ITGAV",-2.85003308834631,2.99288463757426,-6.85690564685535,0.000176587263410808,0.0230334114383629,1.35393993327799
"GPAT3",-3.30857846722729,3.63537143726568,-5.83536720589134,0.000498087273706823,0.0371157121209447,0.297584888132296
"SHROOM3",7.7429949841091,0.270076858743292,5.76105059677404,0.000539734118292953,0.0374737582540394,0.148352353434187
"PAPSS1",-2.00234969069919,6.56949819184094,-6.27633323050856,0.000313657895356064,0.0312793894886971,0.710007714215042
"PRICKLE1",-3.9581069958392,2.98694982567881,-6.22908402003142,0.000329224207994174,0.0321990772270456,0.711451956402391
"LGR5",8.13970993721996,0.652569752584473,8.96726797446919,2.88229723136063e-05,0.0129553486500286,2.3661778951083
"RAB20",-3.75940001377164,2.31368542840287,-6.74694696821738,0.00019632543557733,0.0241903814921889,1.25944958382035
"SLC27A2",-3.61806462120369,3.76848761129382,-8.24009985671385,5.15401137989292e-05,0.0136166303248262,2.56657774082924
"HDC",-6.4883909370938,3.68295262991275,-10.8808671769249,7.42800939510769e-06,0.0129553486500286,4.3359941753641
"NEIL1",2.81343526178889,4.59157991040126,5.16081696186557,0.0010600755453934,0.0466351041892185,-0.483237038986417
"GPR32",-6.12336558446376,-3.6724999293858,-5.11635308643177,0.00111659317691159,0.0470890870530544,-0.481241134185444
"IGLON5",-4.38742830274593,-2.37270866241981,-5.15503481847322,0.00106724360430661,0.0466351041892185,-0.354797256939316
"C1orf216",-2.13496303720298,1.73215242650181,-5.55512322607778,0.000676737201047392,0.0396302972281757,0.0417282406468082
"ZNF697",-5.07827072473914,0.111169672986321,-8.98151409863303,2.85081004506128e-05,0.0129553486500286,2.95367540444787
"ATP1B1",-3.28290883987077,2.32687122914536,-5.19509362086851,0.00101865778036596,0.0461526842449547,-0.397693935606674
"FCGR2A",-2.73522091686622,4.0282557399619,-8.68418365701781,3.59656459960775e-05,0.0130684363695864,2.91609321680638
"ADAMTSL4",-2.73474228407593,1.69978587156829,-5.15638876898306,0.00106556034986894,0.0466351041892185,-0.406984829180222
"SEMA6C",2.89880055830773,2.41669540671152,5.94246311193288,0.000444199639088769,0.0365147026359933,0.484810193886457
"DYRK3",2.57887480512218,4.76439369263755,5.76423088367103,0.00053787485322425,0.0374737582540394,0.216262576100201
"LYST",-1.96565421950738,8.90405774623139,-5.02731411403784,0.00124001874518876,0.0490772399482004,-0.680254594319562
"AFF3",2.76906221816868,9.44336063584658,5.36437454931,0.000838637409657248,0.0420365173382323,-0.272127384606875
"FAM171B",-3.33065553220233,0.391170505054295,-6.06016508845984,0.000392315868955165,0.0350038672024339,0.608571505812047
"PTH2R",-4.02770620975109,4.47678860851002,-7.08038669559638,0.000142933008916727,0.0219221698270189,1.55483942217433
"ACKR3",3.16232032818562,1.7612084245295,5.2850466713729,0.000918204354585227,0.0441584661591661,-0.196030721487674
"SCD5",3.13657626444969,3.62851334200206,5.84370135860075,0.000493643431458479,0.0371157121209447,0.355060877384565
"AIG1",-3.77486362092243,4.6340703853172,-6.67348905616602,0.000210878814922938,0.0252347513645726,1.15543968684225
"GNA12",2.80428623374913,6.42707341028641,5.41914686735682,0.000788151782018034,0.0411112094912638,-0.228753760459468
"CHRNA6",-4.52591772209424,1.30162450783612,-6.55743833836156,0.000236384607847423,0.0267376189219388,1.08271570563632
"STAR",-3.48849458940973,1.47145493481609,-7.03547928802495,0.000149075040839765,0.0223769981516584,1.53435780141988
"LRP12",-3.69188404832073,3.29984317241378,-7.79776572247656,7.49613023048768e-05,0.0162227422637033,2.2016067485913
"GSDMC",-3.40856390210255,-0.237370437212855,-5.38387525321978,0.000820264592430919,0.0416588609870084,-0.0937688087659412
"SURF4",-1.44422160991123,6.19508576972606,-5.32624608883706,0.00087588795657041,0.0428467707046814,-0.369468733054076
"LRMDA",-5.39106967487357,8.55739339442673,-9.6094122683753,1.78185055949766e-05,0.0129553486500286,3.58877138554812
"MS4A3",-5.08678452190093,5.84884771869404,-8.41063651807693,4.48054061199123e-05,0.0136166303248262,2.70267416075492
"MS4A2",-5.56812990590996,1.90373407971295,-9.03061504969823,2.74520850102892e-05,0.0129553486500286,3.12350470732977
"CCDC15",-2.93656071278774,3.42648344296531,-5.87483518307021,0.000477427247448,0.0366365963776077,0.341680813491101
"FAM124A",-4.97312332011742,0.568552645664557,-5.84585585385643,0.000492501798608257,0.0371157121209447,0.373097987381766
"LYPD6B",-4.85987942747221,1.00969439748158,-6.73614444660357,0.00019839362920767,0.0241903814921889,1.25987447745165
"RGS18",-4.19680734615252,3.66061134568842,-11.020348455172,6.7860397616406e-06,0.0129553486500286,4.45265589033388
"CRIM1",2.74565685623354,7.17894117683431,5.5016542330727,0.000718324127483001,0.0402558339542333,-0.144025330291244
"SEC24D",-1.66146209513263,6.57445619138946,-5.59894495115967,0.000644635743178386,0.0394185603214684,-0.0441840772555375
"WWC2",-4.96250640284292,2.3334915106755,-6.55659888174833,0.000236581202671631,0.0267376189219388,1.07536734028263
"CPAP",-1.52936726252182,5.5598148909289,-5.47674435731461,0.000738657016654074,0.0405827497155983,-0.187537345321965
"BEND6",-2.51179573257265,0.453974551103838,-5.36404345376591,0.000838953253665749,0.0420365173382323,-0.122333532440593
"CYSLTR2",-5.59084925719296,3.50747410182528,-8.5064229949959,4.145902197261e-05,0.0136166303248262,2.7713915875301
"IGSF10",5.10080129067859,1.16257898682852,6.36651645023071,0.000286167383941892,0.0300077478944841,0.813542333857629
"DYNLT5",-3.85148420260737,2.56128085312793,-9.14550913017542,2.51484355850188e-05,0.0129553486500286,3.23841797116003
"PLEKHG4B",6.58923676121056,0.566457774521413,5.10635000996259,0.00112976045558696,0.0470890870530544,-0.390575289016592
"UBASH3B",3.5430235513252,8.7050998099282,5.70991191122965,0.000570630043192984,0.038141217141841,0.108145220304938
"ABCA5",-2.68171223489067,4.36408449062091,-5.25738425853505,0.000947881002126749,0.0443813477950727,-0.402074597564268
"ENPP3",-4.65008242704375,3.20461863980937,-8.25370443190098,5.09631067152537e-05,0.0136166303248262,2.57578453483893
"CNTNAP3B",-4.4047377811734,-0.219829110877957,-7.5283477551704,9.49770016647592e-05,0.0185780494698673,1.82218882979478
"TMPRSS15",9.61840665779546,0.869445585664179,5.63375758847979,0.000620333566846713,0.0393129151101641,0.136394227596575
"ADAMTS1",-5.04487708266153,-1.24260873012361,-6.80400793467843,0.00018579194570886,0.0234755624320207,1.19821636075418
"PTPRN2",3.56959242720082,4.98995921697136,5.22688515841756,0.000981833093194337,0.0451887570471774,-0.356349776747011
"PIK3AP1",1.97886490947313,8.89851041708681,5.11991620723507,0.00111194386845,0.0470890870530544,-0.601769286425135
"FZD7",-3.60254571335386,-1.92376287625106,-5.19303172972562,0.00102109816327492,0.046160444301115,-0.40034928227447
"TDRD9",-5.86108327111104,3.13638466324394,-8.7888404533782,3.31159676449632e-05,0.0129553486500286,2.98391113338915
"CD109",3.96500382053788,5.10017782921113,5.78097980311526,0.000528199439317372,0.0374737582540394,0.282039809024876
"KIT",-5.1803062165342,3.28846630673454,-8.32845859708143,4.79189488388597e-05,0.0136166303248262,2.63383363469191
"PALM2AKAP2",1.42801563694263,8.10695602308467,5.11037191789824,0.00112444587664897,0.0470890870530544,-0.619990485522257
"CFAP251",4.55709032192888,4.57855330099193,5.67908848155073,0.000590195703564717,0.0387301651536034,0.143660601630512
"MRAS",-2.74546164792927,0.898538159632757,-5.45592071619048,0.000756143277121642,0.0405827497155983,-0.0523734513145433
"B4GALT5",-2.96423281044525,7.52278537910786,-5.89266658066697,0.000468406305854764,0.0366365963776077,0.311433020811749
"SLC45A3",-2.73146753172022,4.48149373241366,-5.44359544222076,0.000766708442397574,0.0405827497155983,-0.183473743603724
"SCUBE1",-4.42341900774193,1.58073246174562,-7.59028022267343,8.98948542889412e-05,0.0182873102079993,2.01355940157286
"ICOSLG",3.01662688514814,4.0396814017765,5.49333648175216,0.000725043911772603,0.0405207920252474,-0.0684161000878021
"S100B",-3.00670315306268,0.153620542879258,-5.21178066730919,0.000999142531555386,0.0455666995224386,-0.300433178660674
"ZG16B",-3.46760094059831,-0.284690934819907,-5.56688205219218,0.000667953115973103,0.0396156566712561,0.101937502158089
"ACOT11",-3.59166568970795,3.25753499228378,-7.43014618753584,0.000103707457774243,0.0190514965223168,1.88317975683272
"AK4",-4.74777212604593,1.88464808376722,-8.29004541255138,4.94569649258759e-05,0.0136166303248262,2.59126973767368
"LRRC38",6.78552939934062,-0.848467107609332,5.74406118045818,0.000549787910994656,0.0378908777824779,-0.0955960253917842
"DHRS3",3.43575888999362,4.48852498605597,5.46974818227347,0.000744481555774976,0.0405827497155983,-0.0865412111068737
"HFM1",-2.07756833888075,2.0958420491615,-5.92932891229885,0.000450446690303036,0.0365147026359933,0.44355630779157
"SNED1",-2.68918343810527,0.288704507798329,-5.10785110243932,0.001127773671393,0.0470890870530544,-0.426603384943081
"SLC22A15",-4.97154855152853,5.9260059944127,-9.00353503286726,2.80289567189045e-05,0.0129553486500286,3.1598514755277
"MNDA",-4.14796204604709,6.69086263338179,-5.25827678590625,0.000946907128042798,0.0443813477950727,-0.414223507787532
"CD200R1",-3.37756162739052,2.32178583564237,-5.20814621461372,0.00100335759068132,0.0455666995224386,-0.360409284480396
"INTU",-2.55990719842024,1.40400620654012,-5.15616962448299,0.00106583259548858,0.0466351041892185,-0.389626428359143
"HSPA4L",-4.69814018495649,1.39891081432268,-8.30554762576153,4.88297129124309e-05,0.0136166303248262,2.58709928861101
"GASK1B",-4.18713630192983,1.35135130349759,-5.39339633550691,0.000811456074975398,0.0415804809401121,-0.122749389030129
"EBF1",5.13638865495455,8.7375588484228,5.69183995905812,0.000582012809135911,0.0384411901826358,0.102802483663344
"STXBP5",-3.52692123216891,6.60456930492898,-8.40500427993665,4.5011403730401e-05,0.0136166303248262,2.69409998124187
"KCNK5",-5.02093543305578,3.04455029992193,-7.7568070270653,7.76743230303576e-05,0.0166329342463849,2.16767474015588
"DLC1",-2.37254554156875,2.51081223640697,-6.16683050034753,0.000351060406451033,0.0335287410724571,0.68110708036536
"MICALL2",-2.77180112545739,3.43038884822339,-5.92914911923571,0.000450532879203378,0.0365147026359933,0.39412977748775
"BAALC",4.51765224474968,2.69981260876183,5.61136559166049,0.000635846225009578,0.0393952904948245,0.148992419130147
"NFIL3",-2.06669885294412,5.46824559028545,-5.80469328837665,0.000514828987994455,0.0374737582540394,0.200177669384687
"HGSNAT",-2.33833978157178,5.8217792220998,-7.0931323306397,0.000141241623091954,0.0219221698270189,1.53349185298572
"HDX",-3.04634186504733,1.4672136275074,-5.39381172004679,0.000811074164014078,0.0415804809401121,-0.127875041670153
"TTC8",-2.17808235818352,3.53058653469413,-5.76455482905008,0.000537685866292771,0.0374737582540394,0.222838567663888
"CLEC1B",-3.75793031522266,1.60823812521657,-6.12254678293499,0.000367572648690591,0.0341757792100167,0.657080788580316
"SMCO2",-2.97466068615728,-0.323591509600347,-5.00609783480467,0.00127159658129723,0.0495766329679548,-0.501584699145969
"ENSG00000166104",-6.18806670658567,-2.82886042818094,-6.1706122990755,0.000349688924823278,0.0335287410724571,0.0837637727713361
"ASPG",-5.60442804970266,-2.5383069002334,-5.87508366804268,0.000477300222303276,0.0366365963776077,0.26923359533014
"MYRFL",-2.78117209741012,0.816709545958811,-5.52880576179711,0.000696863618606739,0.039924485977934,0.0298676652019383
"NETO1",-5.7698619163692,0.339711753329203,-5.27054066313036,0.000933636693993788,0.0443813477950727,-0.254183930250849
"RAG1",5.86677467922767,3.0266461478715,6.57490735382758,0.000232334492067556,0.0265526998434286,1.07759813202314
"CYB5R2",5.59581495004379,2.59276927252054,8.84506105432032,3.16903609094949e-05,0.0129553486500286,2.731445139486
"CLEC4D",-3.29569742556378,2.49281896479199,-5.73838617425049,0.000553192287341884,0.0378908777824779,0.219727483162624
"RIMKLB",1.70420820687825,5.8230848959715,5.65041494978033,0.000609065437060814,0.0390274014235724,0.0335464716405127
"BEX3",-3.52780601858534,0.994037406720832,-5.70197867963874,0.000575596208157361,0.038141217141841,0.227072115816089
"PPIB",-1.45110421077768,5.95373397934207,-5.60172868481626,0.000642654194259851,0.0394185603214684,-0.04626522076589
"ANPEP",-4.07898575200922,6.15882947173697,-6.8658840998998,0.000175075989510432,0.0230334114383629,1.32938790014944
"GREM1",8.47363275760108,0.415703134313869,7.35821228022927,0.000110672350797518,0.0192428002758454,1.30343516913422
"SMAD3",1.43139384397783,7.85064456191685,5.06524893403217,0.00118568653113524,0.047994621264768,-0.683117473849378
"PLAAT5",-5.51298921786671,-0.0588928380490674,-10.0084391733376,1.33992672766791e-05,0.0129553486500286,3.49171244656362
"NAALADL1",-3.27373114093528,1.38344642375016,-7.16366670291878,0.000132276188193372,0.0218771910277868,1.6517859403933
"KIF5C",-4.38987187274001,2.66155875006157,-6.31111731830075,0.000302721098029964,0.0309460065187114,0.807734429033013
"SEMA4C",-2.4965899164054,1.65899642976332,-5.52904984593679,0.000696673939331512,0.039924485977934,0.0158167576792687
"TET2",-2.08632391433612,5.45068129598368,-6.14044961244393,0.000360795444101408,0.0341126416484613,0.569031998469665
"AR",-3.87942477295458,0.533211513486568,-5.06915745043902,0.00118023919542862,0.0479233651748591,-0.45467959227562
"GCSAML",-6.39608344871021,-0.125326257841079,-9.86209838886554,1.48584076805256e-05,0.0129553486500286,3.1870848291538
"PTK2",3.26229526661418,6.38928359808055,5.73917805604307,0.000552715846864485,0.0378908777824779,0.150243756839195
"NPR1",7.78729029880427,-1.08362014857905,7.99212777156996,6.34524283318016e-05,0.0150094505762074,1.28057335067534
"VPREB1",6.97143910399847,0.468947859367867,6.29561345739493,0.000307542542605586,0.0310102020015836,0.567774595176942
"FRMPD2",-4.09091145635692,-0.293142407559569,-5.14446776981902,0.00108048187380928,0.0470669009826597,-0.375177286958285
"ZNF804A",-3.57212183900719,6.22438416288601,-5.61281958612569,0.000634826001189084,0.0393952904948245,0.0109599362152011
"SLC23A1",2.71747556302459,4.0119154716338,5.03200458124169,0.00123315466063289,0.0489007120102432,-0.597467188530191
"OSCAR",-3.61953905948148,2.72981931920961,-5.01157605649525,0.00126335903112349,0.0495192924280255,-0.626352901055784
"PRKCE",2.41735051979744,9.70298192547683,5.0617706866718,0.00119055748167681,0.0480545850193478,-0.650293789105695
"GRIK1",-1.97504495940316,1.68075134456454,-5.02261769927198,0.00124693368716922,0.0491792653644227,-0.558195575009966
"GPHN",-3.56598346010024,5.05335391707074,-5.68709214965788,0.000585044806953525,0.0385163964655519,0.0923448768948658
"VAT1L",10.3601120796633,1.15114688178959,5.44163687504617,0.000768402290114813,0.0405827497155983,-0.0518057368998228
"C3AR1",-4.00746112211809,3.89052556910347,-8.99849930226082,2.81377243422295e-05,0.0129553486500286,3.14827459925742
"CYP4F11",-3.19397984693331,-1.00174330555296,-5.58791832522419,0.000652551540539661,0.0394185603214684,0.0817194919626649
"LAMB2",-4.59079195067858,1.73485027198763,-6.84810233529225,0.000178083195758871,0.0230748181612912,1.36415018810779
"SLC9C1",2.57495423638451,2.77310003768221,5.57775238473531,0.000659944845140366,0.0394594534101446,0.0912364746408567
"FRMD3",-2.81828348994056,5.78868442007757,-6.24220240854989,0.000324817923004637,0.0319215990709339,0.683897512159651
"SNTB1",-2.86289188865357,7.31240627955451,-5.07322298249694,0.00117460224852546,0.047844242329134,-0.646980319353577
"AZU1",-5.06055806204849,6.68799036437603,-5.94293023896918,0.00044397923535302,0.0365147026359933,0.387428027564856
"TPSAB1",-6.84238971440573,-1.90506287707479,-5.06451492999659,0.00118671260365621,0.047994621264768,-0.664989873278356
"SPTLC3",-3.36287693340278,1.34222541326642,-5.12170551116078,0.00110961715749948,0.0470890870530544,-0.442286010629039
"CLEC12A",-4.83662787160576,4.7190545044433,-6.86954513924368,0.000174463899479875,0.0230334114383629,1.36008245647661
"MIR4435-2HG",-3.2775671778049,5.2706021118951,-7.83607325896788,7.25195634824944e-05,0.0160354943470042,2.21994009059966
"NABP1",-2.77309495642134,5.82516410372152,-6.01984073048522,0.000409292248883822,0.0354785644397825,0.441035116056722
"SULT1B1",-3.4117053991207,3.78884232290104,-7.36694377395468,0.000109799682947942,0.0192428002758454,1.82150790121336
"MSRB3",-5.53766327681596,5.72164888590491,-9.70896251290217,1.65796243770495e-05,0.0129553486500286,3.65855107298703
"ADGRE1",-3.65195531053994,3.92864146293572,-5.35877292697226,0.000843998729201026,0.0421854205113918,-0.242355011956475
"GK5",-1.65968268489917,4.88013038066654,-5.11947042952016,0.00111252436889352,0.0470890870530544,-0.595210852752796
"RAG2",9.96116063445451,-1.80047401212827,5.45331471674937,0.000758363642119126,0.0405827497155983,-0.788315362040732
"ABO",-4.20887076442658,2.64590125932528,-5.66205505017966,0.000601325842343218,0.0388164918563165,0.133948096320577
"DPP10",-5.85683023531256,4.01778021628683,-7.38640710617907,0.000107881964514529,0.0192428002758454,1.84606555897609
"LONRF3",-2.75494400864287,3.77267072849064,-5.60865115761434,0.000637755720458551,0.0393952904948245,0.01802971545583
"P2RY2",-4.7719861881185,3.28220436335788,-6.86566605907758,0.000175112519302198,0.0230334114383629,1.36787317137259
"CLEC14A",8.11912070300614,0.121384570954667,6.43560295168226,0.000266918294524467,0.0286636013514615,0.639918957565046
"SLCO3A1",-3.47038633474794,7.0016036458601,-6.42710944773897,0.000269205235822682,0.0286724717923603,0.883352401841888
"GNG7",2.03916165588573,7.26712084204552,6.0787528907788,0.000384754940904707,0.0347689475636018,0.491402646749941
"TTTY14",-3.58314159908827,6.06587548520283,-5.93129061126522,0.000449507481935569,0.0365147026359933,0.353934535553954
"DSCAML1",4.59346022689399,3.72756815830731,6.37924382022285,0.000282508183649254,0.0298099010211549,0.91217638281632
"NAALADL2",-4.05289386209736,4.27244217210864,-6.75286324685068,0.000195202928663824,0.0241903814921889,1.23845188082559
"DPY19L2",-4.35367181675308,2.04997568433111,-8.05985182713893,5.99184456328864e-05,0.0143402463471742,2.41345429374376
"APOLD1",2.68038144746172,6.27573417452869,5.24682057866967,0.00095949179496464,0.0447682146444167,-0.411525851317498
"GATA2",-5.48334104042351,3.19433373908478,-9.42758273976019,2.03594753221327e-05,0.0129553486500286,3.42847239005522
"CIITA",2.55289064024111,5.49047654450454,5.22325528532513,0.000985962457226428,0.0452763753213481,-0.42227987828621
"FCER1A",-5.74134541327596,1.7958824269772,-8.9417462595273,2.93968715254604e-05,0.0129553486500286,3.04575684807927
"LRRC3B",6.55010103924436,-1.43020593449018,5.25943654554485,0.000945643314339308,0.0443813477950727,-0.56513291967749
"FGD6",2.56072251404893,5.0222993628305,6.89547992046932,0.000170195577999631,0.0230334114383629,1.38364869422488
"LINC02363",3.30007427489262,2.97618353863611,6.30543391245386,0.000304478715842604,0.0309700525819305,0.849958050415877
"SLC36A4",-1.83686576872448,6.05325951207656,-5.38960687009221,0.000814949354826234,0.0416545596111308,-0.290353178419093
"GPR137C",2.78331727061386,3.72086104933232,6.13669624242803,0.000362204718874681,0.0341126416484613,0.666477024111495
"PTGDR2",-3.73458849881754,0.998574645508878,-5.33584195501732,0.000866343992903946,0.0427404840287514,-0.161810210878945
"OVCH2",9.70676529581839,1.52295723454678,10.0274049051447,1.32222471809205e-05,0.0129553486500286,2.90881431055157
"FHL3",-2.70294950379656,3.55838270202876,-5.2080372083016,0.00100348431332903,0.0455666995224386,-0.417291056201286
"HMCES",1.7908321651462,5.89987797783323,5.54749404396071,0.000682504674839414,0.0396691217150234,-0.0914496869565307
"UTY",-7.24884880792049,4.76702726369536,-5.52828195909204,0.000697270861713765,0.039924485977934,-0.0323811562714491
"MAP7D2",3.2405749754274,2.44462919673823,6.32508749314413,0.00029844851994415,0.0306633244506254,0.868273977508654
"SOCS3",-3.07382955038652,1.08539727855042,-5.09314312128725,0.00114740767189344,0.0472504337435795,-0.469464643167464
"SEPTIN9",1.63046073272126,8.69846065208582,5.4159979324838,0.000790961492012203,0.0411522496982206,-0.240885159305993
"SLC24A3",-6.32798635720621,6.73189895165042,-11.3879228948884,5.37356547896847e-06,0.0129553486500286,4.69365623566883
"TCEAL9",-2.80340827477292,-0.496971583277178,-5.87166524852903,0.000479051007051253,0.0366365963776077,0.403176416176802
"FAM174B",-1.56959696156291,4.33470042512307,-5.0057424294317,0.00127213303884739,0.0495766329679548,-0.708886767488193
"P4HB",-2.14657077656742,8.08214467645091,-5.77766039390253,0.000530101546725427,0.0374737582540394,0.186605993416572
"CYP4F2",-4.76055210215089,-0.567511994398907,-7.42751928804162,0.000103953011550763,0.0190514965223168,1.64798159823909
"NAP1L2",-4.61863788466336,-2.93185652464878,-5.87609990167545,0.000476781115120199,0.0366365963776077,0.20103005734047
"TMEM216",-2.21930079334588,2.36364682885652,-5.43974674967287,0.000770040868614311,0.0405827497155983,-0.0999252748484265
"MITF",-3.90786194832523,3.17603456404762,-7.11040186545274,0.000138985438785262,0.0219221698270189,1.59346341904376
"DIPK1C",9.23136030176995,-0.970309376308683,8.28551079767489,4.96421484396826e-05,0.0136166303248262,1.16842401230467
"ARL4C",-2.30927117435782,2.45534932238334,-5.44885750849005,0.000762177996647326,0.0405827497155983,-0.105257805313459
"COL4A5",-6.11279052051504,0.412572651984931,-5.90617560643963,0.000461697894720918,0.0365459932774616,0.436805334793223
"AGRN",-1.83264353134687,3.00835818139594,-5.11257301253,0.00112154899839077,0.0470890870530544,-0.520923498356686
"ENSG00000188897",-1.96216487895185,4.50099166670095,-5.29529645507374,0.00090746979264658,0.043745635051681,-0.367039836108419
"PAX5",4.29136721916062,8.02393070153947,5.21338040315543,0.000997293428668806,0.0455666995224386,-0.471374261734375
"PLEKHG4",-2.38087402694924,1.3837010577551,-5.72022492939624,0.000564244949244716,0.038141217141841,0.236577313240169
"NTNG2",-3.63458193291483,5.40271597440033,-7.03175156239735,0.000149597982039303,0.0223769981516584,1.49051974616694
"PPP1R26",-4.57268151485837,0.159091229724124,-5.79794413121041,0.000518595795962834,0.0374737582540394,0.339544305288621
"ADA",2.21272149134171,4.80251229481687,5.15420477494237,0.0010682769774456,0.0466351041892185,-0.491859525169318
"SLC22A4",-3.35258281393026,3.82404064631334,-7.07952916562548,0.000143047615061428,0.0219221698270189,1.5523081384382
"TPSB2",-8.27174573380723,-1.77869800452989,-5.65958385496625,0.000602959810578382,0.0388164918563165,-0.277221634443121
"ZNF98",-4.19689936580803,0.5441794377535,-5.79194596378052,0.000521969113267121,0.0374737582540394,0.330362220794263
"OPALIN",9.50214783334578,-0.0142014624897843,7.62175886293855,8.74288532963583e-05,0.0182873102079993,1.13358878584707
"SLC28A3",-4.49406976642565,2.2491829092004,-7.37823144507879,0.00010868291368111,0.0192428002758454,1.84189535763178
"ELANE",-5.06012620635289,6.42178232546346,-6.09869971007347,0.000376820718135582,0.0345300174280727,0.556529231695444
"MFAP5",4.34306663632981,-0.565623818341665,5.25811001027848,0.000947089020038236,0.0443813477950727,-0.316142552223853
"CFD",-5.56939528251934,3.21772360484762,-12.1189065274462,3.44510951045275e-06,0.0129553486500286,4.99375161728626
"NTRK1",-2.89977134911693,0.928377573717088,-5.76662360633506,0.000536480693412644,0.0374737582540394,0.297903736719574
"GLMP",-2.16786249057231,1.78970758955262,-5.18882413776049,0.00102609814548723,0.0462806280164716,-0.365351506835506
"ZNF521",-5.07039718644371,2.88398268053652,-8.28503606756808,4.96615802517286e-05,0.0136166303248262,2.59755905125025
"MFAP3L",-2.601091077238,0.719844692853323,-5.61237938493472,0.000635134685671726,0.0393952904948245,0.142621490030848
"LCN8",9.04686407815035,-1.81753222911711,6.17625866129849,0.000347652319468902,0.0335179674642459,-0.255417223736528
"PTPN20",-5.18489725388217,1.30337902082354,-8.93910603656678,2.94569699888431e-05,0.0129553486500286,3.0359466995542
"HLA-DOA",2.59612793609369,4.33982830452878,5.15488284187781,0.00106743272706481,0.0466351041892185,-0.454504551946805
"LINC01257",4.98757281613127,-0.588142325147428,4.99862410405086,0.00128293022397346,0.0498720929396281,-0.687394490372525
"TRIM71",-3.00983203307464,0.835119331050309,-6.4419005175441,0.000265236583844473,0.0286636013514615,0.979183949231175
"XKR4",6.39793705424716,1.21566024726974,5.83931341658227,0.000495977616030155,0.0371157121209447,0.313134727736728
"TRGJP2",-3.79031831360611,0.906007759683752,-7.00950807363348,0.000152761272985969,0.0225287251035969,1.50103264099258
"TRGC1",-3.11328651612715,1.9646085476773,-5.36968411470099,0.000833590319497644,0.0419745739345064,-0.182534135986603
"TRGJP1",-3.24196697455327,1.08841377046804,-5.1866795650706,0.00102865697258704,0.0462806280164716,-0.357924573225588
"IGHD",2.72242019174057,4.6982246926049,6.74799223737492,0.000196126592454423,0.0241903814921889,1.23740265658522
"ITGA1",-4.13100828619479,1.88862892148733,-10.1242440104557,1.23584115114871e-05,0.0129553486500286,3.86092374102134
"STARP1",-4.39114614193918,-3.05991565512803,-5.0823638551056,0.00116203618361057,0.0476598832322377,-0.729312536054498
"NEURL1B",3.42181757636026,3.56270554054758,5.51402227436926,0.000708459145062471,0.0402558339542333,0.0207145524142849
"MEG3",-8.51117295312218,-0.542606600467926,-9.31539589870537,2.21293919015858e-05,0.0129553486500286,3.07040784912601
"CRPPA",-2.35464842134304,4.32334196280978,-5.90731802332718,0.00046113549036327,0.0365459932774616,0.349439771100073
"SYCE3",-4.02906527817664,-2.46857272798438,-5.10344553724177,0.00113361565219738,0.0470890870530544,-0.54195879772996
"ENSG00000223727",-2.07696253452619,3.34118736514506,-5.23808538339142,0.00096921140895308,0.0450152230418551,-0.365260616654319
"MIR503HG",-4.62095950061349,-0.0423907004172471,-8.44788869312771,4.34692386730351e-05,0.0136166303248262,2.47153916895355
"ENSG00000223930",-5.91248780033026,1.83901393151174,-11.646622722624,4.5780870892658e-06,0.0129553486500286,4.65156005349528
"PRRT4",-4.25522830001158,2.00287054962957,-6.92425208992605,0.000165596038403289,0.0229164640084225,1.43221580590228
"LINC01645",-8.59517114170573,-1.74019510870109,-6.01051754891781,0.000413332338997614,0.0354785644397825,0.525299528533673
"ENSG00000225172",7.35630676837231,1.23276131436389,5.04826098851326,0.00120968655385614,0.0483470600493035,-0.470810413727839
"LINC02470",-4.95434206020086,0.334060922409377,-5.45313017662325,0.000758521147088403,0.0405827497155983,-0.017055976111112
"PPP1R26-AS1",-3.51314370237044,-1.28296866897847,-5.44913039179389,0.000761943862386165,0.0405827497155983,-0.0912991491668489
"FAM225B",-4.30217622796154,-2.26183011020289,-5.8652806236916,0.000482340073294111,0.0366796598250727,0.139772000656112
"MEG8",-7.0469445945424,-1.3685729522342,-6.34217601828396,0.000293313170301968,0.0302886793068677,0.824054336488691
"LINC00623",-1.9971491722985,6.02522953735845,-6.12272320911385,0.000367505175627116,0.0341757792100167,0.546026699173499
"CROCC2",-3.91941495025591,-1.86396430220928,-5.57829572866844,0.000659547355665981,0.0394594534101446,-0.014864041135727
"TEX41",4.74848908646659,3.87355181475148,5.169585784208,0.00104930597634044,0.0466351041892185,-0.393639932115864
"SLC8A1-AS1",5.87309742965461,3.04415203416946,8.30485052075293,4.88577270090586e-05,0.0136166303248262,2.46823416657803
"TRGC2",-2.99583588437947,5.00482812802594,-6.07965214748382,0.0003843932773763,0.0347689475636018,0.529730764781617
"LINC01013",8.71862640137987,3.81911369771061,9.96231715443095,1.38409865136435e-05,0.0129553486500286,3.45106103030415
"FNDC10",-4.15819302152773,-0.351779127925208,-5.58461830778199,0.000654941424011026,0.0394185603214684,0.108059735341064
"OFD1P4Y",-5.27084081370557,-2.70882951641041,-5.80183767081284,0.000516419038325597,0.0374737582540394,-0.0638188625161993
"ENSG00000229418",8.18551377850496,-0.352323206124229,8.21163944579667,5.27710294100035e-05,0.0137630904011244,1.40919602799454
"ENSG00000229771",7.52335186623551,-0.028672201333638,7.8065792170969,7.43914808848286e-05,0.0162227422637033,1.64601582619213
"XIST",13.3345398129418,0.958435510255804,6.85664483350954,0.000176631381034489,0.0230334114383629,0.772480106440083
"BZW1-AS1",3.41287377369069,3.14220883099764,5.76753337393955,0.000535951653173965,0.0374737582540394,0.297162186432347
"FAM225A",-3.82784385319152,-2.07583289149421,-5.66693334278941,0.000598114659206626,0.0387498296568166,0.0777171028503876
"DYTN",-5.4229280536225,-1.00851625409511,-8.79832406116972,3.28705223780676e-05,0.0129553486500286,2.63648782578573
"LINC00865",5.4098828019954,4.90589824526097,5.93523453465847,0.000447625805518259,0.0365147026359933,0.437864709359039
"LINC01762",2.54786488752747,2.69534189294285,5.09778195350951,0.00114117484722783,0.0470890870530544,-0.439881568263997
"ENSG00000233359",4.5726772081581,0.405977118516487,5.45980823437871,0.000752844373855702,0.0405827497155983,-0.0554186924938227
"STXBP5-AS1",-3.19555855520969,3.59904295194149,-6.10076874303378,0.000376008177955032,0.0345300174280727,0.587682647944588
"LINC01250",4.63229324979675,4.21147732401303,6.88304825032849,0.000172226858883187,0.0230334114383629,1.38641136787136
"ENSG00000234630",2.83110826203207,1.20501851041447,5.42706327048062,0.000781136775595143,0.0410611509714005,-0.0466856568513734
"LINC01221",6.78615715867763,2.14161941376211,5.45616254993511,0.000755937594406191,0.0405827497155983,-0.0185875610256003
"MSC-AS1",-3.77472530918571,2.17411303746371,-5.64605698862144,0.000611991400192676,0.0390274014235724,0.139487672808413
"ENSG00000236817",-5.2897311686446,-2.08611196406349,-5.70259260654291,0.000575210188893937,0.038141217141841,-0.0464943640028581
"BAALC-AS2",5.53405849883476,0.27608700287537,5.12744150271961,0.00110219447758377,0.0470890870530544,-0.42135670619726
"LINC00426",3.7176007233349,5.86224290615981,7.43852972097045,0.000102928119307831,0.0190514965223168,1.88286608318616
"ENSG00000240521",-6.1786428110684,0.292690339308074,-9.36713914850746,2.12924437642374e-05,0.0129553486500286,3.03635360051255
"PTPRG-AS1",-4.85542808052284,-2.47823929965137,-6.60646927465265,0.000225211466393741,0.0260311185275447,0.898428613817509
"ENSG00000241666",3.20767288673613,4.52968833744809,6.66195750560765,0.000213270792336593,0.0253717411023585,1.17842994400547
"SERPINB10",-4.54152845004943,3.60831249538486,-5.42035861494841,0.000787073511967709,0.0411112094912638,-0.156866017403805
"GATA2-AS1",-3.53956346216294,1.60723381344627,-8.80777578656447,3.26279316606017e-05,0.0129553486500286,2.96607084547024
"AOX3P",3.08533669084522,1.6148642483044,5.50455781028377,0.000715994610193255,0.0402558339542333,0.03489692475467
"LINC01088",-2.41574859949659,2.47752431880728,-5.04894298609055,0.00120871281058881,0.0483470600493035,-0.574165973169896
"CASC9",-3.96399770574312,0.980384329930679,-5.33518748396067,0.000866991262798863,0.0427404840287514,-0.143658055436917
"LINC02147",-7.95137479985865,2.36486453441816,-10.4399199077472,9.95399117369296e-06,0.0129553486500286,4.01933385156573
"ENSG00000249803",-5.87362098786499,-1.63254006826663,-7.21469576989339,0.000126186147548668,0.0212149156990293,1.51079552330046
"LINC02945",7.92664149197928,1.07380645101418,5.28002957959028,0.000923509757036577,0.044239080501218,-0.216073762019785
"ENSG00000249881",8.36258326396113,3.28178725521527,8.73801090494275,3.44670496529216e-05,0.0129912569915056,2.73486499188765
"LINC02223",-4.12932805975489,0.996657565231803,-6.73515657578879,0.000198583970367967,0.0241903814921889,1.24871777122397
"ENSG00000250696",-6.67633540468073,2.14048126041026,-10.5793288403269,9.06353859705588e-06,0.0129553486500286,4.06792993599863
"TRD-AS1",-2.73833218269661,5.32090531896222,-5.10535710186867,0.00113107674624374,0.0470890870530544,-0.606738710334215
"LINC00958",7.61576407823038,0.142343520520335,6.65489878773141,0.000214749882959531,0.0253845448608064,0.927083405794697
"MAILR",2.40922279705535,5.21398253958196,5.80992810488589,0.000511928236213349,0.0374737582540394,0.245652569385132
"MIR3142HG",4.05376749599657,3.70195118325114,5.48157156963372,0.000734667582085537,0.0405827497155983,-0.049575751031405
"ENSG00000253673",8.19455744010195,4.76805559607289,6.63172110351043,0.000219687516649712,0.0256845008689947,1.16321529978473
"ENSG00000254135",4.75240552045855,-0.539366958453428,5.718825740937,0.000565106569767095,0.038141217141841,0.0749099503245674
"CRYZL2P-SEC16B",-4.59419297655338,-1.74639361015923,-5.7281362812587,0.00055940042957435,0.038141217141841,0.0346232622650362
"RASSF10-DT",6.01741698332278,-1.56176156517168,5.67246687773555,0.000594495119907383,0.0387498296568166,-0.357164862701426
"ENSG00000254777",2.29957268697327,5.21900917921741,5.98459592958917,0.000424799708831184,0.035857678326775,0.444633910578404
"MIR100HG",-7.83839451893556,2.30784907622416,-5.27935100700763,0.000924229917564648,0.044239080501218,-0.298936833623766
"OOSP4B",-5.40611271778963,-2.26775214834778,-6.98806484118958,0.000155881575293238,0.0225287251035969,0.916807354788985
"HCAR3",-3.19695342529796,0.205681508965147,-6.35412390104907,0.00028978104986303,0.030076611721243,0.892210032144976
"ENSG00000256469",2.40539472223467,2.23755738928006,5.59556703137908,0.000647049337721465,0.0394185603214684,0.116501894531384
"CLEC12B",-4.71326224318861,-1.73340587380003,-5.22850674089409,0.0009799945385888,0.0451887570471774,-0.405362301084058
"LINC02450",-6.43422711085946,-0.509632781796844,-6.0298809990653,0.000404990372310133,0.0354785644397825,0.576918647199927
"ENSG00000257275",6.05934061901517,2.55647669332825,5.29593184464489,0.000906808924890609,0.043745635051681,-0.190711853565225
"ENSG00000258561",-2.9668136174099,1.43448915022193,-5.15535818644685,0.00106684132150869,0.0466351041892185,-0.406610425947595
"TVP23C-CDRT4",-3.33273352060717,2.62555588956542,-6.91162825531759,0.000167596798756627,0.0230334114383629,1.41620988676997
"ENSG00000259072",7.38347317444048,0.0332954288217297,5.92507152977671,0.000452492508118348,0.036527996399411,0.157698585974805
"GOLGA2P11",-5.81745133648832,-3.15955284040761,-6.01841231407027,0.000409908382687165,0.0354785644397825,0.0167321196336809
"RHEX",-4.16560636667723,3.06881511741763,-7.0716660681071,0.000144103289024283,0.0219221698270189,1.55980264546914
"MIR3648-2",-6.09524106484832,-1.91633285686607,-9.04020197114109,2.72510643530057e-05,0.0129553486500286,2.86708605323648
"ANXA8",-6.86846648045172,-1.85801003219689,-6.17887325736612,0.000346713719359368,0.0335179674642459,0.474679641646909
"LINC00908",-2.77227970755586,-0.645336604780341,-5.25759460323216,0.000947651386715698,0.0443813477950727,-0.225775515640396
"UCA1-AS1",-4.02261206988856,1.10312880081534,-7.53057777576196,9.47885256189537e-05,0.0185780494698673,1.96987188800117
"HOMER3-AS1",-4.17392300012277,-0.672373969774545,-6.69764756890231,0.000205963943499955,0.0247924526782224,1.15494931400765
"LINC01480",2.82081422713995,2.36697213465697,6.06212024092199,0.00039151286202569,0.0350038672024339,0.608740190646427
"TSIX",6.80603262694141,-2.50672537793211,5.95442791595552,0.000438592370281889,0.0365147026359933,-0.39955692047864
"MMP28",5.38567954983409,-0.0136158126440236,5.78841866672369,0.000523964185331908,0.0374737582540394,0.19158743898761
"MROH7-TTC4",-3.38350922269301,-1.64558199563757,-5.325948049363,0.000876186236698002,0.0428467707046814,-0.229994844808958
"ENSG00000271758",8.79656724872844,2.34975538684994,8.26943447035404,5.03049588096784e-05,0.0136166303248262,2.22137695004995
"ENSG00000271945",-4.90367117158614,2.95768899556265,-8.37733598259698,4.60389090136228e-05,0.0136166303248262,2.67018198286921
"ENSG00000272733",4.23208448213534,0.157835813805858,6.11727540035275,0.000369595016772534,0.0341757792100167,0.529528089805159
"ENSG00000273118",-2.31680118409552,3.80869502879013,-5.76145104965615,0.00053949961339453,0.0374737582540394,0.197833605351554
"ENSG00000273730",-6.548088671173,-2.98782944861474,-8.35703568198187,4.68095210219324e-05,0.0136166303248262,2.06371700679942
"ENSG00000275757",-6.74494552758871,-3.03493011285256,-6.43264257139385,0.000267712935986712,0.0286636013514615,0.588867659696945
"RAB7B",-5.60402931344562,0.756720739243143,-10.8170703549771,7.74422278971534e-06,0.0129553486500286,4.11792811657564
"LINC02227",7.05159849193204,1.95340770037955,5.58822290236524,0.0006523314516304,0.0394185603214684,0.0921922424677017
"ENSG00000277196",-4.11631504929476,-0.504126921423156,-6.15685055817278,0.000354708448708568,0.033718850336815,0.700484160261283
"ENSG00000277739",-6.8052271207244,-2.83876508262782,-5.60963654666457,0.000637061806040397,0.0393952904948245,-0.0951291235757159
"ENSG00000279278",3.64579916114998,2.90061503777976,5.89003386614796,0.000469726226177056,0.0366365963776077,0.436337746493863
"ENSG00000279493",4.19297048766942,0.516764312302018,5.00710339312567,0.001270080114971,0.0495766329679548,-0.504156968675304
"LINC01943",-3.94928187769592,0.70558410654816,-5.53846667012903,0.000689399483466052,0.0399173239470091,0.0485288215369994
"ENSG00000281383",-3.09212895318549,1.9001588318819,-6.93869718790694,0.00016333924515546,0.0229159328565347,1.44485397997382
"ENSG00000283573",-4.76169688749233,2.79246007517457,-6.92504646878637,0.000165471030703047,0.0229164640084225,1.42759572919485
"ENSG00000283839",-3.71066224214004,1.01906104208325,-5.6398680620246,0.000616173461348897,0.0391713022631894,0.154887037059679
"LINC02801",-5.06712969988262,0.0652562381123915,-9.29465093867924,2.24752707633436e-05,0.0129553486500286,2.96882529169705
"ENSG00000285082",-3.8851854149678,1.98586816305772,-8.14862079346589,5.56155778667881e-05,0.0143213632980262,2.48232662870514
"ENSG00000285840",4.25383643731261,3.13545047954325,5.03437244484439,0.00122970539433622,0.0489007120102432,-0.5462722617929
"ENSG00000285987",-3.24304195779872,1.40082145872413,-5.58717635352607,0.000653088036816136,0.0394185603214684,0.0984919206328483
"ENSG00000286003",-4.46428158130471,-1.45081397268438,-7.08623059066821,0.000142154714893726,0.0219221698270189,1.20816692480021
"ENSG00000286129",2.52290687044874,4.36028448206146,5.82616980935908,0.000503042952380513,0.0372840247408358,0.305002429708281
"ENSG00000286373",6.0895720782843,-0.322449787702793,5.77773827392013,0.000530056832599619,0.0374737582540394,-0.0894001470122499
"PM20D1-AS1",5.45421036292678,1.66411949983343,7.0901262937385,0.000141638510832747,0.0219221698270189,1.4819817982829
"ENSG00000287382",4.45708752933723,3.97900960453956,6.35927048362781,0.000288274179916635,0.0300736494463801,0.883680952790661
"ENSG00000287430",-5.74346322536529,-2.19967769197162,-7.59430487789859,8.95752716021372e-05,0.0182873102079993,1.26717628152545
"ENSG00000287595",4.61826982015705,0.913757356444562,6.254348153478,0.000320796716389249,0.0316794543762451,0.702380829498852
"ENSG00000287611",-4.67604388150423,-2.34623022508943,-5.58835536849912,0.000652235756594298,0.0394185603214684,-0.201105770115324
"ENSG00000287612",10.319094756944,-1.01508493533427,5.48190053575493,0.000734396577269882,0.0405827497155983,-0.191674878134358
"ENSG00000287899",-2.72942401970511,0.0543538254397969,-5.12704249358425,0.00110270904251527,0.0470890870530544,-0.369860249931133
"ENSG00000288087",9.37576398197761,-1.28347084474756,5.17537534092522,0.00104226155948074,0.0466351041892185,-0.57074276380835
"ENSG00000288781",-4.85561586508043,-1.2232247758754,-6.44647230761401,0.000264023114043282,0.0286636013514615,0.74845631617586
"ENSG00000288838",-2.90255926055684,2.11869003166134,-5.55352559659685,0.000677940492326852,0.0396302972281757,0.0250588316604112
"ENSG00000289298",2.32476184841568,1.26478667380702,5.0190792890913,0.00125217162952977,0.0492706527263521,-0.49299457086375
"ENSG00000289381",-4.84366114532408,-0.0275628656079635,-9.44797847612547,2.00550947768679e-05,0.0129553486500286,3.12974665411399
"ENSG00000289470",-2.97361598069457,-0.276405749125192,-5.12007582845028,0.00111173608772977,0.0470890870530544,-0.377376245934309
"ENSG00000289746",-3.31589356808705,2.3635399115161,-6.05210868103362,0.000395644089387387,0.0351466712244874,0.570217704081281
"ENSG00000290427",-3.57015750865254,-0.488757778933918,-5.13973327950006,0.00108647179952796,0.0470890870530544,-0.358104955258656
"ENSG00000290729",7.17133776953918,1.1008097860613,7.97008664154332,6.46524689545393e-05,0.0151175307579562,1.8936690279166
"ENSG00000290790",-2.09836301008187,1.22319956655292,-5.12680265749966,0.00110301846413666,0.0470890870530544,-0.41855455783289
"ENSG00000290867",-2.36128630353863,5.97819831840875,-6.98033036439579,0.000157024455506608,0.0225287251035969,1.42451200909679
"ENSG00000291144",-3.84522280973677,4.62527815669867,-5.52648032297549,0.000698673598198127,0.039924485977934,-0.0651216122705316
"ENSG00000291297",-4.8529869257504,-2.95023992458187,-6.29440420526755,0.000307922174916181,0.0310102020015836,0.287885263211491
"ENSG00000293035",-5.38818632675387,-2.35670919552905,-5.82438390945168,0.000504011542237126,0.0372840247408358,0.249881658381773
"ENSG00000293442",-3.82489610681221,2.41161883077014,-5.07888249088452,0.00116680451710289,0.0477591635642334,-0.54382198371867
"CMAHP",-3.37635173335585,2.79545053966203,-8.11085079487296,5.74025913645509e-05,0.0143402463471742,2.46100050311728
"ENSG00000293852",7.60105319709519,0.941437246121644,7.47541610506816,9.95760329318292e-05,0.0189315442797402,1.54104096982052
"ENSG00000294652",-3.72735601381554,1.49532231027185,-8.44995678097631,4.339637985086e-05,0.0136166303248262,2.70603246308084
"ENSG00000295143",2.71368267896513,3.44118862508924,5.46397924548749,0.000749322581569285,0.0405827497155983,-0.0686459660223164
"ENSG00000296772",7.77335016113821,-1.49417030576066,6.97876436521162,0.000157256990842588,0.0225287251035969,0.774235718152127
"ENSG00000296963",-5.98346106787753,-2.58212825689412,-5.4453170499088,0.000765222934114576,0.0405827497155983,-0.392621247045778
"ENSG00000297141",5.5744015567812,3.14099304535431,5.6067988693906,0.00063906237345977,0.0393952904948245,0.12478112020852
"ENSG00000297583",-6.69623846295366,-2.28133622431316,-8.06564277309936,5.96266440211028e-05,0.0143402463471742,1.58335252322331
"ENSG00000297617",-4.24778335057522,-0.815112351250923,-7.44780637110107,0.000102073377100798,0.0190514965223168,1.61426318476577
"ENSG00000297649",5.82582629433443,4.18984351551692,8.89032281755309,3.05926005946407e-05,0.0129553486500286,2.93238435916599
"ENSG00000298889",-4.66157486411806,0.511283209131199,-5.32942998733848,0.000872708472978778,0.0428467707046814,-0.191244073221911
"ENSG00000298897",-3.80327437153841,-1.48533403681956,-5.07225714761452,0.00117593870936278,0.047844242329134,-0.477447799973641
"ENSG00000300313",7.72304020751328,-2.20688693955897,5.13396946587543,0.00109381343175372,0.0470890870530544,-1.0430940639591
"ENSG00000300525",-5.49226696196714,-0.849431053345568,-8.27510885451787,5.00698837846094e-05,0.0136166303248262,2.06498964663862
"ENSG00000300781",-3.56722790885205,1.00863855942444,-7.49122663641551,9.81767485493719e-05,0.0188415999598101,1.92830325693144
"ENSG00000301308",-4.37169633463632,-2.15114556119181,-5.10191294690702,0.00113565574547832,0.0470890870530544,-0.586838044159701
"ENSG00000301516",-3.78055923432758,-0.817352146803343,-6.4718878228029,0.000257388827486454,0.0283030319867943,0.8852716053762
"ENSG00000302257",7.50266497171941,-1.47265987045483,5.3353735260499,0.0008668072134386,0.0427404840287514,-0.293000880958525
"ENSG00000302775",-2.86253574670193,0.314291297097049,-5.13927448030913,0.00108705419953798,0.0470890870530544,-0.376063029442229
"ENSG00000302864",-7.0918028697117,-0.895971308934193,-9.44784895575167,2.00570115001216e-05,0.0129553486500286,3.07593560780475
"ENSG00000302932",-6.00732386117365,3.06369654929263,-8.68386767123455,3.59746564762738e-05,0.0130684363695864,2.8982862802992
"ENSG00000303011",5.30874535447096,-1.18806309543749,5.23394650915741,0.000973854594429344,0.045127845135481,-0.466608158634165
"ENSG00000303369",4.20593670458859,0.0411798194167138,5.09928985434201,0.00113915684088183,0.0470890870530544,-0.462994003873074
"ENSG00000303688",4.08958674650177,3.84044595836684,5.70850244238587,0.000571508886185802,0.038141217141841,0.187545837826877
"ENSG00000303689",-4.11804773222995,-0.723740014068374,-6.3781687109924,0.000282815263092115,0.0298099010211549,0.846387781803089
"ENSG00000303952",-2.57173722632622,2.04868713933528,-5.26002708169658,0.000945000510174513,0.0443813477950727,-0.295103576368999
"ENSG00000304103",-5.54773559324345,-1.12918855505636,-7.8401716160229,7.22636476730929e-05,0.0160354943470042,2.11216819074069
"ENSG00000304126",-7.0868715586347,-2.68177739974991,-5.18507026846938,0.00103058174760171,0.0462806280164716,-0.381705662989257
"ENSG00000304642",2.5781070536781,5.38598055401676,5.55417147288334,0.000677453751027048,0.0396302972281757,-0.0370797747953961
"ENSG00000304732",-3.97472032773631,3.02263995587377,-5.86358030786563,0.000483220214969252,0.0366796598250727,0.345291819982247
"ENSG00000305290",-3.13684003443148,-1.07844404067753,-5.81878639760367,0.000507060794507297,0.0373736874734129,0.316148836742405
"ENSG00000306334",8.06330894454235,-0.61899647246707,5.99895768168807,0.000418403264287359,0.0356132954200742,0.160745205281118
"ENSG00000306384",-7.66347484757301,-1.33635467224337,-5.64730182943879,0.00061115402158698,0.0390274014235724,-0.088355737827813
"ENSG00000306410",3.12166106053283,1.83882957343393,5.31224193834186,0.000890025319311504,0.043315275288885,-0.166808996697834
"ENSG00000306785",-4.38874749666326,-0.803275992160231,-5.93363252769683,0.000448389079542214,0.0365147026359933,0.356452900915279
"ENSG00000307040",-3.61572641937162,-1.16394957350995,-5.53677587091839,0.000690699406643426,0.0399173239470091,0.0134514886910058
"ENSG00000307096",-3.03079094688484,0.912275959115009,-6.81605466825999,0.00018364958534271,0.0233498969664172,1.33478953152545
"ENSG00000307415",10.1391320014355,1.18911293664081,9.17802343387842,2.45365255078941e-05,0.0129553486500286,2.4344034976878
"ENSG00000308142",7.07728250797778,1.80397627909138,7.22918821958513,0.000124514126556233,0.0211082573044454,1.57687181175373
"ENSG00000308241",-5.02058294281485,0.044381499271748,-7.14093098252824,0.00013509471480505,0.0219221698270189,1.50389982103721
"ENSG00000309030",-3.71354597437178,-0.593305106894622,-5.04659115169088,0.00121207436294063,0.0483475073829436,-0.464977603012975
"ENSG00000309250",3.80870185010375,1.09598723653099,5.16372627604611,0.00105648897953063,0.0466351041892185,-0.328538298919927
"ENSG00000309792",3.29225647126069,1.55023671927937,5.95951691880716,0.000436231267715521,0.0365147026359933,0.491925058999535
"ENSG00000310039",5.74992154017723,-1.26234131956182,5.13541131403229,0.00109197177101896,0.0470890870530544,-0.601760571574817
